{"cameraMode":{"drawMode":0,"name":"Shaded","section":"Shading Mode"},"sceneLighting":true,"audioPlay":false,"sceneViewState":{"showFog":true,"showMaterialUpdate":false,"showSkybox":true,"showFlares":true,"showImageEffects":true,"showParticleSystems":true},"in2DMode":false,"pivot":{"x":-4.058387756347656,"y":-1.0161713361740113,"z":-2.410315752029419},"rotation":{"x":-0.06745841354131699,"y":0.9313052892684937,"z":-0.276795893907547,"w":-0.22699424624443055},"size":36.49331283569336,"orthographic":false}